{
  "title": "Bulma: Free, open source, and modern CSS framework based on Flexbox",
  "description": "Bulma is a free, open source CSS framework based on Flexbox and built with Sass. It's 100% responsive, fully modular, and available for free.",
  "documentation": "/documentation",
  "download": "https://github.com/jgthms/bulma/releases/download/1.0.0/bulma-1.0.0.zip",
  "release_notes": "https://github.com/jgthms/bulma/releases/tag/1.0.0",
  "github": "https://github.com/jgthms/bulma",
  "twitter": "https://twitter.com/jgthms",
  "version": "1.0.0",
  "book_url": "https://bleedingedgepress.com/creating-interfaces-bulma/",
  "book_amazon": "https://www.amazon.com/Creating-Interfaces-Bulma-Jeremy-Thomas-ebook/dp/B079M1BJG4/",
  "book_sample": "http://www.bleedingedgepress.com/book_excerpts/01E9D1/creating_interfaces_with_bulma_sample.pdf",
  "scrimba_url": "https://scrimba.com/learn/bulma",
  "patreon_url": "https://www.patreon.com/jgthms",
  "sponsorship_url": "https://github.com/sponsors/jgthms",
  "npm": "https://www.npmjs.com/package/bulma",
  "git_ssh": "git clone git@github.com:jgthms/bulma.git",
  "git_https": "git clone https://github.com/jgthms/bulma.git",
  "git_cli": "gh repo clone jgthms/bulma",
  "jsdelivr": "https://www.jsdelivr.com/package/npm/bulma",
  "cdnjs": "https://cdnjs.com/libraries/bulma"
}
