{
  "sass-vars": [
    {
      "name": "skeleton-background",
      "value": "var(--avenue-border)",
      "css-var": "skeleton-background"
    },
    {
      "name": "skeleton-radius",
      "value": "var(--avenue-radius-small)",
      "css-var": "skeleton-radius"
    },
    {
      "name": "skeleton-block-min-height",
      "value": "4.5em",
      "css-var": "skeleton-block-min-height"
    },
    {
      "name": "skeleton-lines-gap",
      "value": "0.75em",
      "css-var": "skeleton-lines-gap"
    },
    {
      "name": "skeleton-line-height",
      "value": "0.75em",
      "css-var": "skeleton-line-height"
    }
  ],
  "css-vars": [
    {
      "name": "skeleton-background",
      "value": "var(--avenue-border)"
    },
    {
      "name": "skeleton-radius",
      "value": "var(--avenue-radius-small)"
    },
    {
      "name": "skeleton-block-min-height",
      "value": "4.5em"
    },
    {
      "name": "skeleton-lines-gap",
      "value": "0.75em"
    },
    {
      "name": "skeleton-line-height",
      "value": "0.75em"
    }
  ]
}