{
  "sass-vars": [
    {
      "name": "box-background-color",
      "value": "var(--avenue-scheme-main)",
      "css-var": "box-background-color"
    },
    {
      "name": "box-color",
      "value": "var(--avenue-text)",
      "css-var": "box-color"
    },
    {
      "name": "box-radius",
      "value": "var(--avenue-radius-large)",
      "css-var": "box-radius"
    },
    {
      "name": "box-shadow",
      "value": "var(--avenue-shadow)",
      "css-var": "box-shadow"
    },
    {
      "name": "box-padding",
      "value": "1.25rem",
      "css-var": "box-padding"
    },
    {
      "name": "box-link-hover-shadow",
      "value": "0 0.5em 1em -0.125em hsla(var(--avenue-scheme-h), var(--avenue-scheme-s), #{cv.getVar(\n          \"scheme-invert-l\"\n        )}, 0.1),\n  0 0 0 1px var(--avenue-link)",
      "css-var": "box-link-hover-shadow"
    },
    {
      "name": "box-link-active-shadow",
      "value": "inset 0 1px 2px\n    hsla(\n      var(--avenue-scheme-h),\n      var(--avenue-scheme-s),\n      var(--avenue-scheme-invert-l),\n      0.2\n    ),\n  0 0 0 1px var(--avenue-link)",
      "css-var": "box-link-active-shadow"
    }
  ],
  "css-vars": [
    {
      "name": "box-background-color",
      "value": "var(--avenue-scheme-main)"
    },
    {
      "name": "box-color",
      "value": "var(--avenue-text)"
    },
    {
      "name": "box-radius",
      "value": "var(--avenue-radius-large)"
    },
    {
      "name": "box-shadow",
      "value": "var(--avenue-shadow)"
    },
    {
      "name": "box-padding",
      "value": "1.25rem"
    },
    {
      "name": "box-link-hover-shadow",
      "value": "0 0.5em 1em -0.125em hsla(var(--avenue-scheme-h), var(--avenue-scheme-s), #{cv.getVar(\n          \"scheme-invert-l\"\n        )}, 0.1),\n  0 0 0 1px var(--avenue-link)"
    },
    {
      "name": "box-link-active-shadow",
      "value": "inset 0 1px 2px\n    hsla(\n      var(--avenue-scheme-h),\n      var(--avenue-scheme-s),\n      var(--avenue-scheme-invert-l),\n      0.2\n    ),\n  0 0 0 1px var(--avenue-link)"
    }
  ]
}