{
  "sass-vars": [
    {
      "name": "icon-dimensions",
      "value": "1.5rem",
      "css-var": "icon-dimensions"
    },
    {
      "name": "icon-dimensions-small",
      "value": "1rem",
      "css-var": "icon-dimensions-small"
    },
    {
      "name": "icon-dimensions-medium",
      "value": "2rem",
      "css-var": "icon-dimensions-medium"
    },
    {
      "name": "icon-dimensions-large",
      "value": "3rem",
      "css-var": "icon-dimensions-large"
    },
    {
      "name": "icon-text-spacing",
      "value": "0.25em",
      "css-var": "icon-text-spacing"
    }
  ],
  "css-vars": [
    {
      "name": "icon-dimensions",
      "value": "1.5rem"
    },
    {
      "name": "icon-dimensions-small",
      "value": "1rem"
    },
    {
      "name": "icon-dimensions-medium",
      "value": "2rem"
    },
    {
      "name": "icon-dimensions-large",
      "value": "3rem"
    },
    {
      "name": "icon-text-spacing",
      "value": "0.25em"
    }
  ]
}