{
  "sass-vars": [
    {
      "name": "table-color",
      "value": "var(--avenue-text-strong)",
      "css-var": "table-color"
    },
    {
      "name": "table-background-color",
      "value": "var(--avenue-scheme-main)",
      "css-var": "table-background-color"
    },
    {
      "name": "table-cell-border-color",
      "value": "var(--avenue-border)",
      "css-var": "table-cell-border-color"
    },
    {
      "name": "table-cell-border-style",
      "value": "solid",
      "css-var": "table-cell-border-style"
    },
    {
      "name": "table-cell-border-width",
      "value": "0 0 1px",
      "css-var": "table-cell-border-width"
    },
    {
      "name": "table-cell-padding",
      "value": "0.5em 0.75em",
      "css-var": "table-cell-padding"
    },
    {
      "name": "table-cell-heading-color",
      "value": "var(--avenue-text-strong)",
      "css-var": "table-cell-heading-color"
    },
    {
      "name": "table-cell-text-align",
      "value": "left",
      "css-var": "table-cell-text-align"
    },
    {
      "name": "table-head-cell-border-width",
      "value": "0 0 2px",
      "css-var": "table-head-cell-border-width"
    },
    {
      "name": "table-head-cell-color",
      "value": "var(--avenue-text-strong)",
      "css-var": "table-head-cell-color"
    },
    {
      "name": "table-foot-cell-border-width",
      "value": "2px 0 0",
      "css-var": "table-foot-cell-border-width"
    },
    {
      "name": "table-foot-cell-color",
      "value": "var(--avenue-text-strong)",
      "css-var": "table-foot-cell-color"
    },
    {
      "name": "table-head-background-color",
      "value": "transparent",
      "css-var": "table-head-background-color"
    },
    {
      "name": "table-body-background-color",
      "value": "transparent",
      "css-var": "table-body-background-color"
    },
    {
      "name": "table-foot-background-color",
      "value": "transparent",
      "css-var": "table-foot-background-color"
    },
    {
      "name": "table-row-hover-background-color",
      "value": "var(--avenue-scheme-main-bis)",
      "css-var": "table-row-hover-background-color"
    },
    {
      "name": "table-row-active-background-color",
      "value": "var(--avenue-primary)",
      "css-var": "table-row-active-background-color"
    },
    {
      "name": "table-row-active-color",
      "value": "var(--avenue-primary-invert)",
      "css-var": "table-row-active-color"
    },
    {
      "name": "table-striped-row-even-background-color",
      "value": "var(--avenue-scheme-main-bis)",
      "css-var": "table-striped-row-even-background-color"
    },
    {
      "name": "table-striped-row-even-hover-background-color",
      "value": "cv.getVar(\n  \"scheme-main-ter\"\n)",
      "css-var": "table-striped-row-even-hover-background-color"
    },
    {
      "name": "table-colors",
      "value": "dv.$colors"
    }
  ],
  "css-vars": [
    {
      "name": "table-color",
      "value": "var(--avenue-text-strong)"
    },
    {
      "name": "table-background-color",
      "value": "var(--avenue-scheme-main)"
    },
    {
      "name": "table-cell-border-color",
      "value": "var(--avenue-border)"
    },
    {
      "name": "table-cell-border-style",
      "value": "solid"
    },
    {
      "name": "table-cell-border-width",
      "value": "0 0 1px"
    },
    {
      "name": "table-cell-padding",
      "value": "0.5em 0.75em"
    },
    {
      "name": "table-cell-heading-color",
      "value": "var(--avenue-text-strong)"
    },
    {
      "name": "table-cell-text-align",
      "value": "left"
    },
    {
      "name": "table-head-cell-border-width",
      "value": "0 0 2px"
    },
    {
      "name": "table-head-cell-color",
      "value": "var(--avenue-text-strong)"
    },
    {
      "name": "table-foot-cell-border-width",
      "value": "2px 0 0"
    },
    {
      "name": "table-foot-cell-color",
      "value": "var(--avenue-text-strong)"
    },
    {
      "name": "table-head-background-color",
      "value": "transparent"
    },
    {
      "name": "table-body-background-color",
      "value": "transparent"
    },
    {
      "name": "table-foot-background-color",
      "value": "transparent"
    },
    {
      "name": "table-row-hover-background-color",
      "value": "var(--avenue-scheme-main-bis)"
    },
    {
      "name": "table-row-active-background-color",
      "value": "var(--avenue-primary)"
    },
    {
      "name": "table-row-active-color",
      "value": "var(--avenue-primary-invert)"
    },
    {
      "name": "table-striped-row-even-background-color",
      "value": "var(--avenue-scheme-main-bis)"
    },
    {
      "name": "table-striped-row-even-hover-background-color",
      "value": "cv.getVar(\n  \"scheme-main-ter\"\n)"
    }
  ]
}