{
  "sass-vars": [
    {
      "name": "dropdown-menu-min-width",
      "value": "12rem",
      "css-var": "dropdown-menu-min-width"
    },
    {
      "name": "dropdown-content-background-color",
      "value": "var(--avenue-scheme-main)",
      "css-var": "dropdown-content-background-color"
    },
    {
      "name": "dropdown-content-offset",
      "value": "0.25rem",
      "css-var": "dropdown-content-offset"
    },
    {
      "name": "dropdown-content-padding-bottom",
      "value": "0.5rem",
      "css-var": "dropdown-content-padding-bottom"
    },
    {
      "name": "dropdown-content-padding-top",
      "value": "0.5rem",
      "css-var": "dropdown-content-padding-top"
    },
    {
      "name": "dropdown-content-radius",
      "value": "var(--avenue-radius)",
      "css-var": "dropdown-content-radius"
    },
    {
      "name": "dropdown-content-shadow",
      "value": "var(--avenue-shadow)",
      "css-var": "dropdown-content-shadow"
    },
    {
      "name": "dropdown-content-z",
      "value": "20",
      "css-var": "dropdown-content-z"
    },
    {
      "name": "dropdown-divider-background-color",
      "value": "var(--avenue-border-weak)",
      "css-var": "dropdown-divider-background-color"
    }
  ],
  "css-vars": [
    {
      "name": "dropdown-menu-min-width",
      "value": "12rem"
    },
    {
      "name": "dropdown-content-background-color",
      "value": "var(--avenue-scheme-main)"
    },
    {
      "name": "dropdown-content-offset",
      "value": "0.25rem"
    },
    {
      "name": "dropdown-content-padding-bottom",
      "value": "0.5rem"
    },
    {
      "name": "dropdown-content-padding-top",
      "value": "0.5rem"
    },
    {
      "name": "dropdown-content-radius",
      "value": "var(--avenue-radius)"
    },
    {
      "name": "dropdown-content-shadow",
      "value": "var(--avenue-shadow)"
    },
    {
      "name": "dropdown-content-z",
      "value": "20"
    },
    {
      "name": "dropdown-item-h",
      "value": "#{$dropdown-item-h},"
    },
    {
      "name": "dropdown-item-s",
      "value": "#{$dropdown-item-s},"
    },
    {
      "name": "dropdown-item-l",
      "value": "#{$dropdown-item-l},"
    },
    {
      "name": "dropdown-item-background-l",
      "value": "#{$dropdown-item-background-l},"
    },
    {
      "name": "dropdown-item-background-l-delta",
      "value": "#{$dropdown-item-background-l-delta},"
    },
    {
      "name": "dropdown-item-hover-background-l-delta",
      "value": "#{$dropdown-item-hover-background-l-delta},"
    },
    {
      "name": "dropdown-item-active-background-l-delta",
      "value": "#{$dropdown-item-active-background-l-delta},"
    },
    {
      "name": "dropdown-item-color-l",
      "value": "#{$dropdown-item-color-l},"
    },
    {
      "name": "dropdown-item-selected-h",
      "value": "#{$dropdown-item-selected-h},"
    },
    {
      "name": "dropdown-item-selected-s",
      "value": "#{$dropdown-item-selected-s},"
    },
    {
      "name": "dropdown-item-selected-l",
      "value": "#{$dropdown-item-selected-l},"
    },
    {
      "name": "dropdown-item-selected-background-l",
      "value": "#{$dropdown-item-selected-background-l},"
    },
    {
      "name": "dropdown-item-selected-color-l",
      "value": "#{$dropdown-item-selected-color-l},"
    },
    {
      "name": "dropdown-divider-background-color",
      "value": "var(--avenue-border-weak)"
    }
  ]
}