{
  "sass-vars": [
    {
      "name": "modal-z",
      "value": "40",
      "css-var": "modal-z"
    },
    {
      "name": "modal-background-background-color",
      "value": "hsla(\n  var(--avenue-scheme-h),\n  var(--avenue-scheme-s),\n  var(--avenue-scheme-invert-l),\n  0.86\n)",
      "css-var": "modal-background-background-color"
    },
    {
      "name": "modal-content-width",
      "value": "40rem",
      "css-var": "modal-content-width"
    },
    {
      "name": "modal-content-margin-mobile",
      "value": "1.25rem",
      "css-var": "modal-content-margin-mobile"
    },
    {
      "name": "modal-content-spacing-mobile",
      "value": "10rem",
      "css-var": "modal-content-spacing-mobile"
    },
    {
      "name": "modal-content-spacing-tablet",
      "value": "2.5rem",
      "css-var": "modal-content-spacing-tablet"
    },
    {
      "name": "modal-close-dimensions",
      "value": "2.5rem",
      "css-var": "modal-close-dimensions"
    },
    {
      "name": "modal-close-right",
      "value": "1.25rem",
      "css-var": "modal-close-right"
    },
    {
      "name": "modal-close-top",
      "value": "1.25rem",
      "css-var": "modal-close-top"
    },
    {
      "name": "modal-card-spacing",
      "value": "2.5rem",
      "css-var": "modal-card-spacing"
    },
    {
      "name": "modal-card-head-background-color",
      "value": "var(--avenue-scheme-main)",
      "css-var": "modal-card-head-background-color"
    },
    {
      "name": "modal-card-head-padding",
      "value": "2rem",
      "css-var": "modal-card-head-padding"
    },
    {
      "name": "modal-card-head-radius",
      "value": "var(--avenue-radius-large)",
      "css-var": "modal-card-head-radius"
    },
    {
      "name": "modal-card-title-color",
      "value": "var(--avenue-text-strong)",
      "css-var": "modal-card-title-color"
    },
    {
      "name": "modal-card-title-line-height",
      "value": "1",
      "css-var": "modal-card-title-line-height"
    },
    {
      "name": "modal-card-title-size",
      "value": "var(--avenue-size-4)",
      "css-var": "modal-card-title-size"
    },
    {
      "name": "modal-card-foot-background-color",
      "value": "var(--avenue-scheme-main-bis)",
      "css-var": "modal-card-foot-background-color"
    },
    {
      "name": "modal-card-foot-radius",
      "value": "var(--avenue-radius-large)",
      "css-var": "modal-card-foot-radius"
    },
    {
      "name": "modal-card-body-background-color",
      "value": "var(--avenue-scheme-main)",
      "css-var": "modal-card-body-background-color"
    },
    {
      "name": "modal-card-body-padding",
      "value": "2rem",
      "css-var": "modal-card-body-padding"
    },
    {
      "name": "modal-breakpoint",
      "value": "iv.$tablet"
    }
  ],
  "css-vars": [
    {
      "name": "modal-z",
      "value": "40"
    },
    {
      "name": "modal-background-background-color",
      "value": "hsla(\n  var(--avenue-scheme-h),\n  var(--avenue-scheme-s),\n  var(--avenue-scheme-invert-l),\n  0.86\n)"
    },
    {
      "name": "modal-content-width",
      "value": "40rem"
    },
    {
      "name": "modal-content-margin-mobile",
      "value": "1.25rem"
    },
    {
      "name": "modal-content-spacing-mobile",
      "value": "10rem"
    },
    {
      "name": "modal-content-spacing-tablet",
      "value": "2.5rem"
    },
    {
      "name": "modal-close-dimensions",
      "value": "2.5rem"
    },
    {
      "name": "modal-close-right",
      "value": "1.25rem"
    },
    {
      "name": "modal-close-top",
      "value": "1.25rem"
    },
    {
      "name": "modal-card-spacing",
      "value": "2.5rem"
    },
    {
      "name": "modal-card-head-background-color",
      "value": "var(--avenue-scheme-main)"
    },
    {
      "name": "modal-card-head-padding",
      "value": "2rem"
    },
    {
      "name": "modal-card-head-radius",
      "value": "var(--avenue-radius-large)"
    },
    {
      "name": "modal-card-title-color",
      "value": "var(--avenue-text-strong)"
    },
    {
      "name": "modal-card-title-line-height",
      "value": "1"
    },
    {
      "name": "modal-card-title-size",
      "value": "var(--avenue-size-4)"
    },
    {
      "name": "modal-card-foot-background-color",
      "value": "var(--avenue-scheme-main-bis)"
    },
    {
      "name": "modal-card-foot-radius",
      "value": "var(--avenue-radius-large)"
    },
    {
      "name": "modal-card-body-background-color",
      "value": "var(--avenue-scheme-main)"
    },
    {
      "name": "modal-card-body-padding",
      "value": "2rem"
    }
  ]
}