{
  "sass-vars": [
    {
      "name": "pagination-margin",
      "value": "-0.25rem",
      "css-var": "pagination-margin"
    },
    {
      "name": "pagination-min-width",
      "value": "var(--avenue-control-height)",
      "css-var": "pagination-min-width"
    },
    {
      "name": "pagination-item-border-style",
      "value": "solid",
      "css-var": "pagination-item-border-style"
    },
    {
      "name": "pagination-item-border-width",
      "value": "var(--avenue-control-border-width)",
      "css-var": "pagination-item-border-width"
    },
    {
      "name": "pagination-item-font-size",
      "value": "1em",
      "css-var": "pagination-item-font-size"
    },
    {
      "name": "pagination-item-margin",
      "value": "0.25rem",
      "css-var": "pagination-item-margin"
    },
    {
      "name": "pagination-item-padding-left",
      "value": "0.5em",
      "css-var": "pagination-item-padding-left"
    },
    {
      "name": "pagination-item-padding-right",
      "value": "0.5em",
      "css-var": "pagination-item-padding-right"
    },
    {
      "name": "pagination-nav-padding-left",
      "value": "0.75em",
      "css-var": "pagination-nav-padding-left"
    },
    {
      "name": "pagination-nav-padding-right",
      "value": "0.75em",
      "css-var": "pagination-nav-padding-right"
    },
    {
      "name": "pagination-disabled-color",
      "value": "var(--avenue-text-weak)",
      "css-var": "pagination-disabled-color"
    },
    {
      "name": "pagination-disabled-background-color",
      "value": "var(--avenue-border)",
      "css-var": "pagination-disabled-background-color"
    },
    {
      "name": "pagination-disabled-border-color",
      "value": "var(--avenue-border)",
      "css-var": "pagination-disabled-border-color"
    },
    {
      "name": "pagination-current-color",
      "value": "var(--avenue-link-invert)",
      "css-var": "pagination-current-color"
    },
    {
      "name": "pagination-current-background-color",
      "value": "var(--avenue-link)",
      "css-var": "pagination-current-background-color"
    },
    {
      "name": "pagination-current-border-color",
      "value": "var(--avenue-link)",
      "css-var": "pagination-current-border-color"
    },
    {
      "name": "pagination-ellipsis-color",
      "value": "var(--avenue-text-weak)",
      "css-var": "pagination-ellipsis-color"
    },
    {
      "name": "pagination-shadow-inset",
      "value": "inset 0 0.0625em 0.125em\n  hsla(\n    var(--avenue-scheme-h),\n    var(--avenue-scheme-s),\n    var(--avenue-scheme-invert-l),\n    0.2\n  )",
      "css-var": "pagination-shadow-inset"
    }
  ],
  "css-vars": [
    {
      "name": "pagination-margin",
      "value": "-0.25rem"
    },
    {
      "name": "pagination-min-width",
      "value": "var(--avenue-control-height)"
    },
    {
      "name": "pagination-item-h",
      "value": "#{$pagination-item-h},"
    },
    {
      "name": "pagination-item-s",
      "value": "#{$pagination-item-s},"
    },
    {
      "name": "pagination-item-l",
      "value": "#{$pagination-item-l},"
    },
    {
      "name": "pagination-item-background-l-delta",
      "value": "#{$pagination-item-background-l-delta},"
    },
    {
      "name": "pagination-item-hover-background-l-delta",
      "value": "#{$pagination-item-hover-background-l-delta},"
    },
    {
      "name": "pagination-item-active-background-l-delta",
      "value": "#{$pagination-item-active-background-l-delta},"
    },
    {
      "name": "pagination-item-border-style",
      "value": "solid"
    },
    {
      "name": "pagination-item-border-width",
      "value": "var(--avenue-control-border-width)"
    },
    {
      "name": "pagination-item-border-l",
      "value": "#{$pagination-item-border-l},"
    },
    {
      "name": "pagination-item-border-l-delta",
      "value": "#{$pagination-item-border-l-delta},"
    },
    {
      "name": "pagination-item-hover-border-l-delta",
      "value": "#{$pagination-item-hover-border-l-delta},"
    },
    {
      "name": "pagination-item-active-border-l-delta",
      "value": "#{$pagination-item-active-border-l-delta},"
    },
    {
      "name": "pagination-item-focus-border-l-delta",
      "value": "#{$pagination-item-focus-border-l-delta},"
    },
    {
      "name": "pagination-item-color-l",
      "value": "#{$pagination-item-color-l},"
    },
    {
      "name": "pagination-item-font-size",
      "value": "1em"
    },
    {
      "name": "pagination-item-margin",
      "value": "0.25rem"
    },
    {
      "name": "pagination-item-padding-left",
      "value": "0.5em"
    },
    {
      "name": "pagination-item-padding-right",
      "value": "0.5em"
    },
    {
      "name": "pagination-item-outer-shadow-h",
      "value": "#{$pagination-item-outer-shadow-h},"
    },
    {
      "name": "pagination-item-outer-shadow-s",
      "value": "#{$pagination-item-outer-shadow-s},"
    },
    {
      "name": "pagination-item-outer-shadow-l",
      "value": "#{$pagination-item-outer-shadow-l},"
    },
    {
      "name": "pagination-item-outer-shadow-a",
      "value": "#{$pagination-item-outer-shadow-a},"
    },
    {
      "name": "pagination-nav-padding-left",
      "value": "0.75em"
    },
    {
      "name": "pagination-nav-padding-right",
      "value": "0.75em"
    },
    {
      "name": "pagination-disabled-color",
      "value": "var(--avenue-text-weak)"
    },
    {
      "name": "pagination-disabled-background-color",
      "value": "var(--avenue-border)"
    },
    {
      "name": "pagination-disabled-border-color",
      "value": "var(--avenue-border)"
    },
    {
      "name": "pagination-current-color",
      "value": "var(--avenue-link-invert)"
    },
    {
      "name": "pagination-current-background-color",
      "value": "var(--avenue-link)"
    },
    {
      "name": "pagination-current-border-color",
      "value": "var(--avenue-link)"
    },
    {
      "name": "pagination-ellipsis-color",
      "value": "var(--avenue-text-weak)"
    },
    {
      "name": "pagination-shadow-inset",
      "value": "inset 0 0.0625em 0.125em\n  hsla(\n    var(--avenue-scheme-h),\n    var(--avenue-scheme-s),\n    var(--avenue-scheme-invert-l),\n    0.2\n  )"
    },
    {
      "name": "pagination-selected-item-h",
      "value": "#{$pagination-selected-item-h},"
    },
    {
      "name": "pagination-selected-item-s",
      "value": "#{$pagination-selected-item-s},"
    },
    {
      "name": "pagination-selected-item-l",
      "value": "#{$pagination-selected-item-l},"
    },
    {
      "name": "pagination-selected-item-background-l",
      "value": "#{$pagination-selected-item-background-l},"
    },
    {
      "name": "pagination-selected-item-border-l",
      "value": "#{$pagination-selected-item-border-l},"
    },
    {
      "name": "pagination-selected-item-color-l",
      "value": "#{$pagination-selected-item-color-l},"
    }
  ]
}