{
  "sass-vars": [
    {
      "name": "panel-margin",
      "value": "var(--avenue-block-spacing)",
      "css-var": "panel-margin"
    },
    {
      "name": "panel-item-border",
      "value": "1px solid var(--avenue-border-weak)",
      "css-var": "panel-item-border"
    },
    {
      "name": "panel-radius",
      "value": "var(--avenue-radius-large)",
      "css-var": "panel-radius"
    },
    {
      "name": "panel-shadow",
      "value": "var(--avenue-shadow)",
      "css-var": "panel-shadow"
    },
    {
      "name": "panel-heading-line-height",
      "value": "1.25",
      "css-var": "panel-heading-line-height"
    },
    {
      "name": "panel-heading-padding",
      "value": "1em 1.25em",
      "css-var": "panel-heading-padding"
    },
    {
      "name": "panel-heading-radius",
      "value": "var(--avenue-radius)",
      "css-var": "panel-heading-radius"
    },
    {
      "name": "panel-heading-size",
      "value": "1.25em",
      "css-var": "panel-heading-size"
    },
    {
      "name": "panel-heading-weight",
      "value": "var(--avenue-weight-bold)",
      "css-var": "panel-heading-weight"
    },
    {
      "name": "panel-tabs-font-size",
      "value": "1em",
      "css-var": "panel-tabs-font-size"
    },
    {
      "name": "panel-tab-border-bottom-color",
      "value": "var(--avenue-border)",
      "css-var": "panel-tab-border-bottom-color"
    },
    {
      "name": "panel-tab-border-bottom-style",
      "value": "solid",
      "css-var": "panel-tab-border-bottom-style"
    },
    {
      "name": "panel-tab-border-bottom-width",
      "value": "1px",
      "css-var": "panel-tab-border-bottom-width"
    },
    {
      "name": "panel-tab-active-color",
      "value": "var(--avenue-link-active)",
      "css-var": "panel-tab-active-color"
    },
    {
      "name": "panel-list-item-color",
      "value": "var(--avenue-text)",
      "css-var": "panel-list-item-color"
    },
    {
      "name": "panel-list-item-hover-color",
      "value": "var(--avenue-link)",
      "css-var": "panel-list-item-hover-color"
    },
    {
      "name": "panel-block-color",
      "value": "var(--avenue-text-strong)",
      "css-var": "panel-block-color"
    },
    {
      "name": "panel-block-hover-background-color",
      "value": "var(--avenue-background)",
      "css-var": "panel-block-hover-background-color"
    },
    {
      "name": "panel-block-active-border-left-color",
      "value": "var(--avenue-link)",
      "css-var": "panel-block-active-border-left-color"
    },
    {
      "name": "panel-block-active-color",
      "value": "var(--avenue-link-active)",
      "css-var": "panel-block-active-color"
    },
    {
      "name": "panel-block-active-icon-color",
      "value": "var(--avenue-link)",
      "css-var": "panel-block-active-icon-color"
    },
    {
      "name": "panel-icon-color",
      "value": "var(--avenue-text-weak)",
      "css-var": "panel-icon-color"
    },
    {
      "name": "panel-colors",
      "value": "dv.$colors"
    }
  ],
  "css-vars": [
    {
      "name": "panel-margin",
      "value": "var(--avenue-block-spacing)"
    },
    {
      "name": "panel-item-border",
      "value": "1px solid var(--avenue-border-weak)"
    },
    {
      "name": "panel-radius",
      "value": "var(--avenue-radius-large)"
    },
    {
      "name": "panel-shadow",
      "value": "var(--avenue-shadow)"
    },
    {
      "name": "panel-heading-line-height",
      "value": "1.25"
    },
    {
      "name": "panel-heading-padding",
      "value": "1em 1.25em"
    },
    {
      "name": "panel-heading-radius",
      "value": "var(--avenue-radius)"
    },
    {
      "name": "panel-heading-size",
      "value": "1.25em"
    },
    {
      "name": "panel-heading-weight",
      "value": "var(--avenue-weight-bold)"
    },
    {
      "name": "panel-tabs-font-size",
      "value": "1em"
    },
    {
      "name": "panel-tab-border-bottom-color",
      "value": "var(--avenue-border)"
    },
    {
      "name": "panel-tab-border-bottom-style",
      "value": "solid"
    },
    {
      "name": "panel-tab-border-bottom-width",
      "value": "1px"
    },
    {
      "name": "panel-tab-active-color",
      "value": "var(--avenue-link-active)"
    },
    {
      "name": "panel-list-item-color",
      "value": "var(--avenue-text)"
    },
    {
      "name": "panel-list-item-hover-color",
      "value": "var(--avenue-link)"
    },
    {
      "name": "panel-block-color",
      "value": "var(--avenue-text-strong)"
    },
    {
      "name": "panel-block-hover-background-color",
      "value": "var(--avenue-background)"
    },
    {
      "name": "panel-block-active-border-left-color",
      "value": "var(--avenue-link)"
    },
    {
      "name": "panel-block-active-color",
      "value": "var(--avenue-link-active)"
    },
    {
      "name": "panel-block-active-icon-color",
      "value": "var(--avenue-link)"
    },
    {
      "name": "panel-icon-color",
      "value": "var(--avenue-text-weak)"
    }
  ]
}