{
  "sass-vars": [
    {
      "name": "tabs-border-bottom-color",
      "value": "var(--avenue-border)",
      "css-var": "tabs-border-bottom-color"
    },
    {
      "name": "tabs-border-bottom-style",
      "value": "solid",
      "css-var": "tabs-border-bottom-style"
    },
    {
      "name": "tabs-border-bottom-width",
      "value": "1px",
      "css-var": "tabs-border-bottom-width"
    },
    {
      "name": "tabs-link-color",
      "value": "var(--avenue-text)",
      "css-var": "tabs-link-color"
    },
    {
      "name": "tabs-link-hover-border-bottom-color",
      "value": "var(--avenue-text-strong)",
      "css-var": "tabs-link-hover-border-bottom-color"
    },
    {
      "name": "tabs-link-hover-color",
      "value": "var(--avenue-text-strong)",
      "css-var": "tabs-link-hover-color"
    },
    {
      "name": "tabs-link-active-border-bottom-color",
      "value": "var(--avenue-link-text)",
      "css-var": "tabs-link-active-border-bottom-color"
    },
    {
      "name": "tabs-link-active-color",
      "value": "var(--avenue-link-text)",
      "css-var": "tabs-link-active-color"
    },
    {
      "name": "tabs-link-padding",
      "value": "0.5em 1em",
      "css-var": "tabs-link-padding"
    },
    {
      "name": "tabs-boxed-link-radius",
      "value": "var(--avenue-radius)",
      "css-var": "tabs-boxed-link-radius"
    },
    {
      "name": "tabs-boxed-link-hover-background-color",
      "value": "var(--avenue-background)",
      "css-var": "tabs-boxed-link-hover-background-color"
    },
    {
      "name": "tabs-boxed-link-hover-border-bottom-color",
      "value": "var(--avenue-border)",
      "css-var": "tabs-boxed-link-hover-border-bottom-color"
    },
    {
      "name": "tabs-boxed-link-active-background-color",
      "value": "var(--avenue-scheme-main)",
      "css-var": "tabs-boxed-link-active-background-color"
    },
    {
      "name": "tabs-boxed-link-active-border-color",
      "value": "var(--avenue-border)",
      "css-var": "tabs-boxed-link-active-border-color"
    },
    {
      "name": "tabs-boxed-link-active-border-bottom-color",
      "value": "transparent",
      "css-var": "tabs-boxed-link-active-border-bottom-color"
    },
    {
      "name": "tabs-toggle-link-border-color",
      "value": "var(--avenue-border)",
      "css-var": "tabs-toggle-link-border-color"
    },
    {
      "name": "tabs-toggle-link-border-style",
      "value": "solid",
      "css-var": "tabs-toggle-link-border-style"
    },
    {
      "name": "tabs-toggle-link-border-width",
      "value": "1px",
      "css-var": "tabs-toggle-link-border-width"
    },
    {
      "name": "tabs-toggle-link-hover-background-color",
      "value": "var(--avenue-background)",
      "css-var": "tabs-toggle-link-hover-background-color"
    },
    {
      "name": "tabs-toggle-link-hover-border-color",
      "value": "var(--avenue-border-hover)",
      "css-var": "tabs-toggle-link-hover-border-color"
    },
    {
      "name": "tabs-toggle-link-radius",
      "value": "var(--avenue-radius)",
      "css-var": "tabs-toggle-link-radius"
    },
    {
      "name": "tabs-toggle-link-active-background-color",
      "value": "var(--avenue-link)",
      "css-var": "tabs-toggle-link-active-background-color"
    },
    {
      "name": "tabs-toggle-link-active-border-color",
      "value": "var(--avenue-link)",
      "css-var": "tabs-toggle-link-active-border-color"
    },
    {
      "name": "tabs-toggle-link-active-color",
      "value": "var(--avenue-link-invert)",
      "css-var": "tabs-toggle-link-active-color"
    }
  ],
  "css-vars": [
    {
      "name": "tabs-border-bottom-color",
      "value": "var(--avenue-border)"
    },
    {
      "name": "tabs-border-bottom-style",
      "value": "solid"
    },
    {
      "name": "tabs-border-bottom-width",
      "value": "1px"
    },
    {
      "name": "tabs-link-color",
      "value": "var(--avenue-text)"
    },
    {
      "name": "tabs-link-hover-border-bottom-color",
      "value": "var(--avenue-text-strong)"
    },
    {
      "name": "tabs-link-hover-color",
      "value": "var(--avenue-text-strong)"
    },
    {
      "name": "tabs-link-active-border-bottom-color",
      "value": "var(--avenue-link-text)"
    },
    {
      "name": "tabs-link-active-color",
      "value": "var(--avenue-link-text)"
    },
    {
      "name": "tabs-link-padding",
      "value": "0.5em 1em"
    },
    {
      "name": "tabs-boxed-link-radius",
      "value": "var(--avenue-radius)"
    },
    {
      "name": "tabs-boxed-link-hover-background-color",
      "value": "var(--avenue-background)"
    },
    {
      "name": "tabs-boxed-link-hover-border-bottom-color",
      "value": "var(--avenue-border)"
    },
    {
      "name": "tabs-boxed-link-active-background-color",
      "value": "var(--avenue-scheme-main)"
    },
    {
      "name": "tabs-boxed-link-active-border-color",
      "value": "var(--avenue-border)"
    },
    {
      "name": "tabs-boxed-link-active-border-bottom-color",
      "value": "transparent"
    },
    {
      "name": "tabs-toggle-link-border-color",
      "value": "var(--avenue-border)"
    },
    {
      "name": "tabs-toggle-link-border-style",
      "value": "solid"
    },
    {
      "name": "tabs-toggle-link-border-width",
      "value": "1px"
    },
    {
      "name": "tabs-toggle-link-hover-background-color",
      "value": "var(--avenue-background)"
    },
    {
      "name": "tabs-toggle-link-hover-border-color",
      "value": "var(--avenue-border-hover)"
    },
    {
      "name": "tabs-toggle-link-radius",
      "value": "var(--avenue-radius)"
    },
    {
      "name": "tabs-toggle-link-active-background-color",
      "value": "var(--avenue-link)"
    },
    {
      "name": "tabs-toggle-link-active-border-color",
      "value": "var(--avenue-link)"
    },
    {
      "name": "tabs-toggle-link-active-color",
      "value": "var(--avenue-link-invert)"
    }
  ]
}