{
  "sass-vars": [
    {
      "name": "select-colors",
      "value": "shared.$form-colors"
    }
  ],
  "css-vars": [
    {
      "name": "input-h",
      "value": "#{cv.getVar(\"scheme-h\")},"
    },
    {
      "name": "input-s",
      "value": "#{cv.getVar(\"scheme-s\")},"
    },
    {
      "name": "input-border-style",
      "value": "solid,"
    },
    {
      "name": "input-border-width",
      "value": "1px,"
    },
    {
      "name": "input-border-l",
      "value": "#{cv.getVar(\"border-l\")},"
    }
  ]
}