{
  "sass-vars": [
    {
      "name": "media-border-color",
      "value": "hsla(\n  var(--avenue-scheme-h),\n  var(--avenue-scheme-s),\n  var(--avenue-border-l),\n  0.5\n)",
      "css-var": "media-border-color"
    },
    {
      "name": "media-border-size",
      "value": "1px",
      "css-var": "media-border-size"
    },
    {
      "name": "media-spacing",
      "value": "1rem",
      "css-var": "media-spacing"
    },
    {
      "name": "media-spacing-large",
      "value": "1.5rem",
      "css-var": "media-spacing-large"
    },
    {
      "name": "media-content-spacing",
      "value": "0.75rem",
      "css-var": "media-content-spacing"
    },
    {
      "name": "media-level-1-spacing",
      "value": "0.75rem",
      "css-var": "media-level-1-spacing"
    },
    {
      "name": "media-level-1-content-spacing",
      "value": "0.5rem",
      "css-var": "media-level-1-content-spacing"
    },
    {
      "name": "media-level-2-spacing",
      "value": "0.5rem",
      "css-var": "media-level-2-spacing"
    }
  ],
  "css-vars": [
    {
      "name": "media-border-color",
      "value": "hsla(\n  var(--avenue-scheme-h),\n  var(--avenue-scheme-s),\n  var(--avenue-border-l),\n  0.5\n)"
    },
    {
      "name": "media-border-size",
      "value": "1px"
    },
    {
      "name": "media-spacing",
      "value": "1rem"
    },
    {
      "name": "media-spacing-large",
      "value": "1.5rem"
    },
    {
      "name": "media-content-spacing",
      "value": "0.75rem"
    },
    {
      "name": "media-level-1-spacing",
      "value": "0.75rem"
    },
    {
      "name": "media-level-1-content-spacing",
      "value": "0.5rem"
    },
    {
      "name": "media-level-2-spacing",
      "value": "0.5rem"
    }
  ]
}